id;code;name;email;phone;department;position;status;syn_date;province_code
1;bypassing Division generate;interfaces matrix projection;Clark39@yahoo.com;799-255-2613 x56661;97257;Pula Legacy;cross-platform Loan;2022-10-26T22:50:44;Optimization Hawaii
2;network;COM XSS;Otilia83@yahoo.com;281-930-9035 x088;91057;mindshare;Dynamic Indiana Developer;2022-10-27T03:16:58;Soft invoice Decentralized
3;Wooden Customer-focused Cape;Ergonomic product;Shanon.Bauch@yahoo.com;660.383.9498 x2946;23389;synthesizing;Metal Electronics Brand;2022-10-27T01:30:30;Granite Optimized background
4;generate;Wisconsin;Zelma54@gmail.com;639.597.6872 x0563;41430;Steel;Orchard;2022-10-26T22:42:49;collaboration
5;Realigned Customer;bypassing withdrawal Beauty;Jaquan.Hodkiewicz50@hotmail.com;942.650.1207 x2070;79693;deposit;Man invoice;2022-10-26T06:04:11;strategy up Account
6;Norway Progressive turquoise;Central generating;Magdalena.Borer@gmail.com;804.421.5210 x36199;5068;connecting;extensible XSS pixel;2022-10-27T02:02:01;Wyoming Account Account
7;fresh-thinking Usability;Fresh;Vergie85@yahoo.com;374-472-4604;53091;24/365;Bacon;2022-10-26T23:26:23;deposit indexing Frozen
8;compress;Cambridgeshire Soft Facilitator;Ryley57@yahoo.com;1-369-314-5685 x4903;77874;hack haptic;Ruble;2022-10-26T23:07:17;solid Security
9;silver;Vision-oriented Plastic;Susan.Schimmel@yahoo.com;583.977.9125 x313;66686;Product;Wooden payment;2022-10-26T13:00:16;Pants Assimilated visionary
10;withdrawal Account;Gloves;Billy_Schimmel98@gmail.com;773.210.8936 x29801;66481;Ridge;Engineer;2022-10-26T11:46:50;edge
